customer_id,churn_prediction,churn_probability
767114958,0,3.2694501326251545e-06
708123033,0,0.0002722072457355748
715424283,0,0.0010249905281213402
717865008,0,4.969151869770718e-06
710188308,0,0.00015351325644294344
716574033,0,1.481535813646722e-05
713183508,0,5.772088239457274e-06
718583133,0,7.458149315313647e-05
783554958,0,7.809033767763311e-05
714418158,0,7.4305390771069e-06
710061783,1,0.9999743594058252
716225433,0,7.295368957499735e-05
788327358,0,6.445867086981742e-05
714847983,0,8.131340866162574e-07
720031908,0,2.5273304663237357e-06
713700258,0,5.568607436631661e-06
721265883,0,0.001106426329628874
715321008,1,0.9999420292705221
717831783,0,5.2148580699245575e-05
711480108,0,9.175004888772569e-05
797638383,0,1.179832195228063e-06
709950858,0,8.4646961897562e-06
717060858,1,0.9999225979215784
716045508,0,0.0008642653695402926
787482033,1,0.9996139390944219
719601708,0,1.2437280684489717e-05
717683583,0,5.753361977913947e-06
813905508,0,9.154788466749017e-05
769985883,1,0.8155897155035798
718927533,0,8.052544651786521e-05
784868958,0,1.9830919899973437e-05
787539333,0,4.853234927546514e-06
789871233,0,2.6087977654090116e-06
826061508,0,4.665074391878085e-05
716354883,1,0.9998333316690318
717678408,0,3.46993739788481e-05
715341858,0,0.0003425831869330434
713003358,1,0.9999576518647859
713374533,0,2.960612966469888e-05
709985133,0,9.378634023833222e-05
771204108,0,2.0809407013161445e-06
713758758,0,7.411561389955373e-05
709453833,0,1.2702828878114782e-05
713227233,0,6.336549062172357e-06
714967233,1,0.9563780232279926
714358008,0,0.0001400518201711461
779514558,0,5.43843643420968e-05
794498733,0,4.7651743783227095e-05
793015083,0,3.9110683142722455e-06
789212883,1,0.9999974766679368
718677858,0,4.611683714472645e-05
713675658,0,3.9112564446470095e-05
719523108,0,0.00010405625249588525
708390633,0,0.00025005546784772107
715098333,0,6.267374479379874e-06
712060158,0,2.319816271418501e-05
716831508,0,0.0010539043039573936
778172583,0,2.943250653795817e-05
789430083,0,5.283881507017686e-06
709996833,1,0.9973953445550531
708890133,0,0.0016630608779558827
773332908,0,2.0985049025315078e-06
715870758,0,0.00022489108407462634
789363408,0,1.6377708224331447e-05
779118708,0,1.2414054678657862e-05
710544033,0,1.4111704994740083e-06
717500133,0,2.592403787825888e-05
712046808,1,0.9977059124970499
815484783,0,7.874208985877999e-06
713843283,0,9.981039823692348e-06
717260058,0,0.0002596592018061447
773383158,0,0.0001296213814394156
711041508,0,0.00019987289244863764
816843933,0,6.8257320152691925e-06
715043508,0,0.00026679478282114747
717241233,0,4.910614253982189e-05
717521508,0,6.11070156142607e-05
708331758,0,7.853250772657252e-05
715571583,0,2.1487221270984994e-05
711146358,0,0.0005205684487289173
789594108,0,1.888819997148611e-05
779327733,0,7.800666124335337e-05
711391308,0,5.69574682494973e-07
718994583,0,0.00030132416140021427
718212633,0,4.923492090019196e-06
711861258,0,0.0005952943277287117
718123608,0,8.208700076012679e-06
718958583,1,0.9602202293708915
772207683,0,0.00019798932233665536
719629308,1,0.9651451476299556
708303108,0,0.0007491387109123636
788957358,0,2.2241830381925966e-05
708727983,0,5.728982612420404e-05
714217908,0,0.003331348705592087
708928908,0,0.0020256818669144513
712411908,0,1.9456440836711924e-05
771075258,0,0.00033252306703702306
717866133,0,5.733326367743502e-05
713652783,0,0.0014456894719737275
714076683,1,0.9999823451606158
803963808,0,3.332895733463706e-05
778968408,0,1.7559529391559563e-05
720064158,0,3.352642164577925e-06
778921908,0,2.5451339558526944e-05
770878458,0,1.8214854235172072e-06
786087633,0,9.18813732250664e-06
788752833,0,0.0004319477540635597
766006758,0,0.00021513344320887854
710342508,0,7.876103682154043e-06
711422358,0,1.9070156810924867e-05
778574283,0,2.5548145664815367e-05
709987683,1,0.9999997074880406
821168733,0,2.24770911026392e-06
717765183,0,3.4626718056123964e-05
708723858,0,1.754029608211318e-05
720618033,0,8.927069632234803e-05
718899708,0,0.0003822939244097079
716437533,0,0.0001929269538122919
717491058,0,0.0002491829080864962
711029358,0,0.002113987796276556
716768808,0,1.1786703522335144e-05
801056358,0,3.1348901119039236e-06
779210283,0,9.456470724391136e-06
718441308,0,1.7801956224990105e-06
713241033,0,0.000736302816561419
711064008,0,0.0006714710210442894
772137183,1,0.9997736330206909
788739633,1,0.9979400251486797
708953883,1,0.9999181708020669
716549058,0,4.138399452263416e-05
824789283,0,1.375940688602385e-05
788252358,0,2.3402102791877205e-06
819752133,0,1.3861278527689924e-06
716944983,0,0.009118807878595637
716545383,0,0.0001705076083668997
720836808,0,7.790487987679679e-06
783361533,0,1.3600863354188854e-05
710893533,0,0.0005140899737193928
709793133,0,0.00014439889419080347
716609433,1,0.9987256605891934
715222533,1,0.9997511773792513
713597658,1,0.9911029106551432
720837708,0,0.0001782662737096361
786546783,0,0.006208789246796695
778747608,0,3.345574425672741e-05
801385458,0,1.2013883082663243e-05
720844008,0,1.6674632666966322e-06
754443033,1,0.9987920007444726
799486158,0,4.027012903016875e-06
798140283,0,0.00048514576476024507
772036233,0,0.00010970811111394434
711427458,1,0.09620023097342176
712727283,0,5.807826328238947e-06
710754933,1,0.9998240689392232
709938708,0,8.918393189037692e-07
710831133,0,0.0036615877822632078
715570533,1,0.999936118474947
794576058,0,1.024927181660563e-05
786557358,0,2.6049451387693747e-05
708212658,0,0.00017756762479002877
818993508,0,2.08579555213507e-06
718466883,0,5.781709976946122e-07
717085983,0,8.280064523138382e-06
709986633,0,3.006832070915045e-05
779348358,1,0.9998506705191857
752944533,0,0.0024401465042204066
712340733,0,0.00029312892683206534
814459833,0,0.010066709138445946
718373658,0,1.2409526557789907e-06
771359958,0,0.0004795813919142208
779198133,0,3.284053923568144e-05
788618208,0,8.792798372456666e-05
712288158,0,0.00018557037936956045
711838008,1,0.9935787297312044
710202783,0,1.572337845110453e-06
771976683,0,0.0010163504858869063
716176683,0,1.084518365338378e-05
711278283,0,9.924696989794849e-05
715019883,0,0.0005046298489863819
720292983,0,1.5438093837229176e-05
716498883,0,0.0002041874780929646
713798958,0,9.520251141201324e-05
716939358,0,8.653828004293203e-05
709005633,1,0.9995236904762539
795573333,0,2.517256671869623e-07
771069033,0,1.2452428096252587e-06
801709308,0,4.05136535439194e-06
716345283,0,0.000295701138061477
714835833,0,3.06171082980029e-05
779783508,0,1.1233295543300615e-05
825767658,0,6.425524702507139e-06
717575958,1,0.9999295956293058
720753183,0,0.0004284910246699945
711766758,0,6.013049539643808e-05
711397533,0,2.8500325395243382e-05
767058183,0,0.000265085298863907
788864508,0,6.765837874118278e-05
778377183,0,1.9347362679431825e-05
710844408,0,7.856605698419227e-05
714919308,1,0.9999092019704879
708874533,1,0.9999791199866211
778356408,0,6.7809676690030666e-06
769035933,0,7.543899171245847e-06
771228183,0,5.683553466586768e-06
772539558,0,0.0004988984699732532
714045783,1,0.9999901435541754
809797158,0,0.00025264513843240163
719531133,0,0.0008657164704008707
719192808,0,1.4576998043376178e-05
720662508,0,5.432230672464277e-05
820848408,0,3.816924984449106e-07
712412958,0,0.00028149377905704957
778984383,0,1.9101922268824393e-06
712865583,0,4.000392810866233e-07
819997983,0,9.853175306568177e-06
718301508,0,3.6972167458135206e-05
789197508,0,0.00020283909605266158
809459733,0,3.1581635269043636e-05
813901458,0,3.091418727060641e-05
772360683,0,0.0008366144791478898
779725833,0,1.2646761194712147e-05
712996833,0,3.4751762918777245e-05
779681433,1,0.990764753916297
787591008,0,3.507277642367542e-07
712642533,0,2.316640491977689e-05
721051908,0,4.835955553194512e-05
715503558,0,3.205409399635395e-05
709841433,0,0.0004315899994831068
710424408,0,0.0010874971561159886
709592808,0,1.7324256440330855e-06
788038383,0,0.0020943615025932807
714363858,0,2.5688998847338837e-05
815015283,0,0.0005396419888792645
771336783,0,4.952490172127511e-06
738899658,1,0.9998872480467785
796170933,0,0.008402431148407434
720992883,0,0.00013962813383364413
712238958,0,1.6650272407207023e-05
718530258,0,9.296903363213058e-05
711794358,1,0.9980612351622988
716366208,0,2.4987593522763657e-06
770038983,1,0.9993615031344913
709937583,0,1.976519496434368e-06
787623858,0,0.0001270970078700875
711676008,0,0.0010312605020587457
812218908,1,0.9999560595317615
720281508,0,6.483483653771331e-06
721139808,0,0.00023465287828829592
709990983,0,0.0002515419048521719
718244958,0,0.00017402622106084484
756639708,0,0.00021962818911286524
718645308,0,2.5079977298977195e-06
717389433,0,0.00036114468650040647
779310033,1,0.9999948709073917
717192933,0,4.1924290269095815e-05
718379358,0,7.833557108821671e-07
779661033,0,1.2261061024174365e-05
715880283,0,6.660410813252126e-05
719469333,0,5.209123957644259e-06
708974283,0,2.6163062749987447e-05
789859833,0,0.0010358704136169629
772339383,0,0.0017469262933667966
716319258,0,1.2026501799799762e-06
720330558,1,0.9999898059499925
789827208,0,0.0001854546520070832
751450008,0,7.028082318057997e-05
789791808,0,3.597220353510535e-06
717321783,0,0.00027723514921929976
712549758,0,0.0006853154264229534
712470033,0,0.0008285165830847316
719291283,0,2.6612289245039085e-05
720413658,0,2.265396589754015e-05
709230708,0,0.004010097401020624
708384033,1,0.9842497280818009
715029333,0,9.18186235203856e-05
771040758,0,0.0005448700900858929
711635358,0,2.176446957317549e-06
716604633,0,0.00013748866328299708
716438433,0,2.0044771040948885e-05
711216933,0,6.336857645882087e-06
713916708,0,2.108977517057775e-05
710106933,0,0.0003034037932968449
806189658,0,2.2954128186696315e-07
770632758,0,0.020252840257466247
789238683,0,0.0015859055042390855
711873033,1,0.9995292175129669
720384633,0,4.5317997373327536e-05
712181658,0,4.6604974856999344e-06
714957108,0,1.605456579545103e-05
720247158,0,0.0022399137244873447
772313358,0,2.5255775318866643e-06
803652633,0,0.0002926578327777429
771422883,1,0.9999874400636122
718009158,0,6.816575619696257e-07
712612233,0,0.00013207895503578645
709901058,0,2.2465001215858727e-06
716682258,0,6.4324221290408504e-06
711478233,0,0.05062655685014218
720040158,0,7.82137963168924e-05
720212508,0,0.00011305025586978362
787605558,0,3.2039732633017214e-06
780557658,0,0.004193102357178817
709952658,0,0.00016359168347374053
793379058,0,6.9106258654049974e-06
716971833,0,0.00022084834263155174
720997383,1,0.9981547024262318
827111283,0,0.0005756965100308307
769396158,1,0.9999805747493571
820085808,0,0.004898518819460166
780349833,0,1.1438820089772397e-05
715964058,0,1.8710757305809458e-05
771903033,0,2.9174258366108925e-05
802668333,1,0.9995989171075323
718504983,0,0.001687103347565604
714882258,0,1.379881698583425e-05
714211533,0,0.004186734527681588
720198183,0,6.736170963961768e-05
803587533,0,1.3917087068078382e-06
720050208,0,8.374943397360297e-05
771058908,0,0.000500934347499995
708971583,0,4.569601984405206e-05
788812608,0,5.699951820259128e-05
805282908,0,1.1531770050275914e-06
717403158,0,0.0005038835060764106
718418958,1,0.9999850966245849
721374033,0,3.641845235031914e-05
710849208,0,3.164641693388255e-05
771823308,0,0.00022184600470575124
719019483,0,0.0007371424236532401
769927533,0,6.618383974452278e-06
718951683,0,4.611945760449893e-06
709666908,0,9.330708953140611e-06
719857008,0,3.823325522139156e-06
788709408,0,2.9905853463591804e-05
710641008,0,0.0003448973034627826
815812683,0,0.00010525753377449728
717624708,1,0.9999847330435538
789398733,0,8.058176073951427e-07
716136333,1,0.9996938773533601
715162608,1,0.9995129453131216
710822808,0,0.00013462790722359595
714147858,0,5.714495107509011e-05
767333808,0,5.919850621610889e-05
719654283,0,2.4458585709783934e-06
766273533,0,5.0715075808559433e-05
779601783,0,0.00010650482719787225
711370458,0,3.545428638195309e-05
715519983,0,6.745453745425358e-07
788782008,0,0.004453418630612021
787595658,0,3.2444163709206716e-05
758211483,0,7.586756715257858e-06
710637183,0,1.1049877504852564e-05
712144158,1,0.9989041493676797
715378383,0,2.4910982737319493e-06
771061008,1,0.9997908920679669
719583558,0,2.710626798055669e-05
810986883,0,0.0001316113464799319
788797983,0,0.007631735410069568
815104608,0,7.345025573398196e-05
715369008,0,1.547568879760914e-05
713418558,0,0.0028807387848595396
708332808,0,2.1337938109435334e-05
719729433,0,0.00026665971507149993
789022233,0,6.789130115116357e-05
714234858,0,7.290774169805085e-05
709170108,1,0.9999963697840595
779727558,0,0.0008705422669186267
708245808,0,3.610759405703152e-05
778255083,0,1.9744889883643237e-05
718755483,0,9.499968781321337e-05
712627083,1,0.973724270591193
788990508,0,8.623846985727204e-05
804437658,0,0.0011236305268550347
778430733,0,0.00013874763665455033
808747233,1,0.9999180257564014
710555433,1,0.988958813117637
708826158,0,1.758598690517342e-05
717023508,0,5.762721984861315e-06
719694408,1,0.9687452459865936
710014683,0,6.16304314936621e-05
815596608,0,2.2868798389450643e-06
712721358,1,0.9997543518157881
716870583,0,0.00019668940173420425
780076833,0,6.823260606186715e-06
793616883,0,8.596297376367962e-05
789105183,0,0.00011539551236572734
817970208,0,0.00016758569888163013
779844408,1,0.9999873743398177
719206308,0,8.132690161487151e-05
721269108,0,2.7509886187177758e-05
772139433,0,7.885448250713353e-05
717042333,1,0.9999067220069482
710273658,0,5.614185013230491e-05
716626008,0,3.179337213056768e-06
716230158,0,7.733674128761107e-07
713010483,0,6.961379674929414e-05
711220683,0,3.193472940532981e-06
721398858,0,2.3918111112001175e-05
779400183,0,0.0010760592332094523
789964983,1,0.999615373840061
715102308,0,1.932071695491908e-05
712730583,0,0.0013926364139959235
718870158,0,7.906867125098078e-05
719484408,0,0.0005567171924304061
720244983,0,1.8626470003760128e-05
781306758,1,0.9998209357173048
779412783,0,0.0003084878638286512
721217283,0,0.00018897042284407787
815062383,0,5.684929273187398e-05
714155283,0,2.4922679811385434e-05
716981358,0,3.8680483392744265e-05
824915208,0,1.3450814596838561e-05
708498033,1,0.9995283450105098
716860233,0,1.9867596407332762e-05
709839858,0,1.7304539078039466e-05
713144208,1,0.9999892683246174
708573933,0,4.5250978557579e-06
712579983,0,1.5375667012127572e-06
790099758,0,0.000593922587824499
711305208,0,0.0001179338555859488
720062508,1,0.9999306122242548
708205083,0,0.0001655381835675233
772336458,1,0.9999137366160716
710986758,0,1.3632926386773422e-05
789271533,0,0.00012051762289040528
711360783,0,6.412882541318207e-05
714035283,1,0.9999069652538769
720415833,0,8.632608674191993e-05
778873608,0,9.782455362146102e-05
718661958,0,0.0040988478720785345
719026383,0,0.0006547022549762777
710229333,0,9.77214712619406e-05
720437358,0,0.003529120828982413
811467708,0,2.6401672644080324e-05
778933983,0,3.2670027422966164e-05
719413383,0,7.42936761985488e-05
718252533,1,0.9919834011837149
718188858,0,3.695755657940917e-05
711382458,1,0.9998051845204627
721212258,0,7.86609807359352e-06
717600483,0,0.00022728042259411035
761544333,0,0.0021752644969590465
809425533,0,2.0453742473570983e-05
709678608,0,0.0002640608187159846
713151258,0,4.2221087914658885e-05
715345833,0,0.0007865380109748547
720776508,0,0.00023099744557526322
720689583,0,3.306590765683101e-05
801728658,0,0.0005123700801473349
718979733,0,7.201480306945393e-05
721163133,0,0.0008539015529783353
710595783,0,0.00022168358829142604
714781908,0,3.209194502859819e-05
709618308,0,4.312068022158192e-05
713971608,0,8.664798137991508e-06
718020408,0,5.648552968685866e-06
716513358,0,0.0002169661703611565
710401458,0,0.0023578580739099684
712177908,0,9.842816228627062e-05
719216508,0,5.490223373239914e-06
711017433,0,9.560899401345443e-05
788386908,0,2.148487125796467e-05
710819733,1,0.9997276612544436
711978858,0,3.2317940455268385e-05
807136758,1,0.9996358134430348
716138958,0,0.00019382166437827814
713070033,0,6.854055101550463e-06
827055333,0,0.00757255140037631
827408058,0,2.1085454303818366e-05
793608258,1,0.9998818742374438
717013383,0,2.177920678597412e-05
714320358,0,0.006031326760578549
716948283,0,3.1021304079259216e-05
717657333,1,0.09618876672992521
788687133,0,0.00030723780229469235
710736558,0,0.0007328340016450718
708721533,0,0.0006527189349855129
817108083,1,0.9998568047785126
719737833,0,0.00028683674934007225
813967983,0,3.47415338380487e-06
771464808,0,1.831597880172527e-05
713025558,1,0.9970665961565829
779016408,0,0.0002623129970274651
712096758,0,6.322774457313125e-06
789523683,0,4.330743162815126e-05
713177808,0,8.322976572684015e-07
718777008,0,0.0007057762010186991
711004533,0,2.0003233661968543e-05
720046458,0,3.092367111094907e-05
710453283,1,0.0702669643682949
708736608,1,0.9998646019708771
778908783,0,3.5619245303896884e-05
716056158,1,0.9999940600213217
773257233,0,2.4835349046963684e-05
711371208,0,2.462003560843856e-06
711831558,0,1.7679441781924805e-05
712164333,1,0.999517364363507
780126033,1,0.9979348585655968
821889858,1,0.9999062046992463
779656908,0,1.563174696916581e-05
766821033,1,0.9924681583545273
789196158,0,0.0005717794985377613
714228558,0,0.00014234425061747703
827360883,0,9.792604782802889e-05
712815858,0,0.0003885914460350609
714533058,0,1.6184949085880397e-07
790149483,0,9.694550301948052e-05
771584658,0,0.00012125139237373577
814181433,0,0.0002577797618911176
788761608,0,3.427408147946726e-05
709009833,0,0.00014164548530949358
708244458,0,0.0002239931173446366
797998158,0,2.7406583731074767e-05
808279158,0,2.0936756743232474e-05
804601833,0,0.00015794679219408817
789690483,0,0.0005809692457532547
819109308,0,0.00015751671533354442
739317558,0,1.2539462018831862e-06
721305408,0,0.0001201643077714549
716535408,0,1.444274023281192e-05
719391783,0,2.832394561366073e-05
780602733,0,1.192685768768083e-05
789556533,0,6.269111972634811e-06
713422083,1,0.9995571325439714
721506708,0,8.299458837368663e-05
715774833,0,0.00018553196517485945
714962658,1,0.9999987278363952
783561558,0,5.6238413176908336e-05
826709658,1,0.9999859398504631
790017858,0,0.0005981427085578775
712319958,0,0.00045845955555598526
717483558,0,6.181492625126273e-05
713985183,0,0.00012637538099496056
708404883,0,0.003145018781941948
717208833,1,0.9903802589490037
816091608,0,3.804111145494189e-07
709087983,0,0.00028093688196124906
710763783,0,0.0003584311241712506
719018208,1,0.9956629264206749
713976258,0,1.476083680186753e-05
709554483,0,5.662174163831016e-05
794485158,0,6.205125863060913e-06
718795083,0,6.095873133681455e-06
826451433,0,7.659400505888806e-06
826717533,0,2.6330911041671113e-05
715294083,1,0.976061966968177
779187783,0,1.1730512519461856e-05
719513733,0,3.9455143347604605e-06
709816158,0,0.003013398823516857
711720408,0,4.421962019666656e-05
714960408,1,0.999989843359522
770746908,0,2.162811865469523e-05
716101308,0,0.00012069368608740224
809825358,0,8.83046783890996e-06
719826333,0,4.2663002093288834e-05
710207208,0,0.00010461856876957487
720128658,1,0.998588213468572
780727833,0,0.00048436023367909683
802247658,1,0.985930982721368
717787533,0,0.005563361504174922
721115733,0,2.6954244446487323e-05
709446783,0,0.0015403743669498433
784719708,0,6.334369944944745e-05
718570158,0,0.0066156549119581265
709965858,0,2.907918116005521e-05
757594083,0,5.712406854342393e-05
789599283,0,6.562718125960468e-05
718947558,0,2.9660335869640833e-05
721147383,0,3.778290949884417e-06
720683958,0,0.0008125313270920605
780657708,0,0.00030452578920542127
713935533,0,2.7949282277804317e-05
713948808,0,0.00010501548972926953
715406658,1,0.9994539317669543
772640808,0,7.790178582089308e-05
708496833,1,0.9974726585317347
804847308,0,5.962862907969198e-06
716931183,0,1.8069326286820553e-07
714030183,0,0.0015285646160600682
809296308,0,4.886613155007332e-05
708358683,0,0.00024429568287392283
794664183,0,1.0486424441902568e-05
712475733,0,0.009681068889349845
708770883,0,0.00014980358606315753
821339433,0,1.4953533810635898e-06
709206333,1,0.9994477931440362
806914158,1,0.9999979148351249
709607733,0,3.531491367745098e-06
712843983,1,0.979533595557119
780511683,1,0.9923259895089862
709161108,1,0.9349780698495593
708272808,0,3.8118675321718614e-05
708680583,0,9.504077148120002e-05
708712833,0,0.00022042960714003894
711947358,0,2.2263094164913694e-05
719634408,0,2.1823746349188243e-05
718267233,0,0.001769440564240621
715479483,0,0.003578596509961515
711164508,0,2.284179214251393e-05
719294433,0,1.0096711439722158e-05
714412308,1,0.9995640345547475
716434533,1,0.9999787611682771
719061933,0,0.0003821242092073555
719091333,0,0.00011710688631086023
716573058,1,0.9999887492271341
740784258,0,2.5148887469334844e-06
711863433,0,0.00029998708180369
780529908,0,2.866781229345578e-05
715132758,0,1.3287485214864646e-05
713934633,1,0.9991437302105862
827423433,0,4.947248730879904e-05
708385533,1,0.9987085270360112
789407958,0,4.0805944884316006e-05
712589658,0,8.971612389593512e-05
714759708,0,0.00018061443794311203
826068183,0,0.000823499203137909
709913733,0,0.002165553654379938
789744033,0,0.0006554831311213684
710926383,0,7.205194305378595e-05
714052158,1,0.9998883471538427
714900408,0,0.02689297887872483
787532808,0,2.5953501493578503e-06
802449933,0,4.4006914501645714e-05
755996583,1,0.9999916864971385
709625733,0,0.00017170803952112424
719686458,0,0.028814895225463124
708642708,1,0.9999985195794064
790082508,0,0.0008835611184025122
713205108,0,8.116664407830652e-07
710838108,0,0.002614854927648398
714427608,0,1.500696932489419e-06
711655683,0,3.320620866805991e-05
826168083,0,5.727016468287374e-06
708553008,0,0.05562916670325823
719554758,0,2.9341628975699546e-05
820383558,0,4.830052094117844e-05
817293258,0,5.6417942843151316e-05
709275558,0,0.00043944857276471613
816078708,0,2.8891395766029426e-06
719490108,0,0.0012502696587083774
710410158,1,0.9696188666473373
813961233,0,4.815215458580358e-06
714259533,0,0.00011764665885603716
713550483,0,0.0002113440349883897
719073483,1,0.9990387442817239
710428308,0,3.1041057307749296e-06
779340183,0,0.0006963247183769157
788820933,0,4.984431046745144e-07
798022683,1,0.9996005378232254
717273333,0,3.92047479764724e-06
713952558,1,0.8705270223314862
712545183,0,0.010108571481478743
789611283,0,2.8082226916215605e-05
713339283,0,9.11145072765964e-05
721032633,1,0.9999122700159301
719953383,0,0.00015498036156293832
712814658,0,1.862667439331551e-06
711764733,0,0.00042109518143889057
715915458,0,4.0360682534271946e-05
720712533,0,1.2888824512366938e-05
709984083,0,2.3246838484427355e-06
719268333,0,5.5181384732945225e-06
790048158,0,0.0005666045770760267
717856983,0,0.0003396263636517639
715545933,0,9.938235571045044e-06
709861008,0,5.986233192822825e-06
712863183,0,0.00023545673198026868
712423233,0,2.7702036802162886e-06
711648708,0,6.665806680848839e-05
714864333,1,0.9991061635867854
788830683,0,1.9238129846327742e-05
719358333,0,0.0003793993169471702
789541458,0,5.571451489687062e-06
711589758,0,9.569187461816652e-07
711574008,0,0.0016342145011759477
779548008,0,0.00012386868999129868
801037833,0,3.317650810727763e-05
720924633,0,0.0009565176002307365
718596858,0,0.0005065175409108473
737967708,0,3.311563078723252e-06
798110358,0,0.004065722036373774
789582483,0,2.7557854905736857e-06
710529708,0,0.0010094684632948202
789526458,0,0.0005342845430940038
711039633,0,0.007822973210151863
828294933,1,0.98253712488438
720422358,0,0.00013879813677098593
720252858,0,0.004234626037601549
788966958,0,0.00020035860117049908
714435408,0,6.393077187140622e-05
713453733,0,3.706587407827356e-05
711208083,0,4.485757489626231e-06
721220583,0,2.1420699238750216e-05
720205608,0,2.5576697423458185e-05
789983133,0,0.00029232661418651564
787581858,0,0.00018578358895822997
708705783,1,0.9936996164032723
717234183,0,0.000988262051652478
808705758,0,2.5956264932478398e-06
711183558,0,0.0009725815067756385
812979408,1,0.9999180454323574
715354008,0,3.628165879634479e-05
721062408,1,0.22711688584525155
712410858,0,9.401826081281104e-06
779116158,0,0.005244388122015294
712866933,0,5.856001573038464e-06
710411358,1,0.9999467566907674
771881283,0,2.1504568872164147e-05
715363908,0,0.005685522409132284
789560433,1,0.9995633866327532
709752183,0,0.0002028664854426061
807161508,0,0.001122120446403527
708393633,0,0.0002388433278700289
771886233,0,1.7903449802330475e-05
716930133,0,0.001091611317618474
809937933,0,7.071402707796126e-06
816596583,0,0.00034885866996595973
718803333,0,6.721467839950312e-05
795237183,0,6.529046526033416e-05
720419358,0,7.021601977311913e-05
719514783,0,9.766188918903952e-06
780374133,0,6.612333984550545e-05
810868758,0,5.43157268743236e-06
714286383,0,6.859080385409086e-06
708588408,0,8.252600345384127e-05
813338733,0,1.0264858738852214e-06
788826408,0,3.565453370506574e-05
713134458,0,0.0005325544345809302
716350008,0,5.345688497487031e-07
738062658,0,3.736871592077764e-05
709449333,0,1.798494583367013e-07
718665933,0,0.00024768198072470173
748503708,0,2.563182527044481e-05
807141183,0,0.0005239033925608153
766381908,0,8.917240502647018e-06
822112383,0,2.1830098534828873e-06
709061658,0,6.799093937286471e-05
797166633,0,2.0470535667004337e-06
789435783,0,8.093686528310587e-05
708266883,1,0.9995801812280753
716793108,0,7.474340277356653e-05
712253058,0,3.6150792091165265e-06
716430933,0,3.0869092327869085e-06
715746633,0,0.010081308579083502
714842208,0,1.1246749965667334e-05
713879283,0,0.00047099322713721074
778679883,0,0.0004453845117955809
712110333,1,0.9999915854503197
720724008,0,1.6620409825213862e-05
708387933,0,0.0007355035065716791
712165308,0,4.89799756340195e-06
720283758,1,0.9949601808876611
708473133,0,0.00026632969566992324
810493458,0,0.00021910867979765909
711122958,1,0.9995313906786932
721502958,0,0.00031297511162058187
715908558,0,0.0005604969680859668
711594858,0,1.0588675361498572e-05
789513858,1,0.9999634919474659
712795833,1,0.9939209593843457
719628033,0,0.0005984242087095912
718282983,0,2.681315597858654e-06
714121983,0,9.753238985770922e-06
709791333,0,2.108162556929732e-05
779916408,0,0.0004050445748101689
711657783,0,0.0001350846873272503
780203883,0,9.11743580591602e-06
709367433,0,0.001441274257257659
736145283,0,2.8060982548035774e-05
711516783,0,0.0009242221210590859
712104333,0,0.00010901693746554026
711116133,1,0.9997665989932863
712988958,0,6.206067379712703e-05
771201408,0,4.5284826064664125e-06
712011633,0,6.171919689207656e-06
713579733,0,1.8957748212174582e-05
796544133,0,0.00013046907443246296
709272333,0,3.157273556398568e-05
715153158,0,7.212064142410241e-05
779342958,0,0.0002140587017927953
810545733,0,2.1791881593156717e-05
805453908,0,3.7638794740267e-07
817086783,0,9.38394219228023e-05
714943233,0,9.677409886848723e-06
789097833,0,0.00014021959471480276
759584958,1,0.9997359991099393
708886533,0,1.7420847350400497e-07
708761733,0,0.007017716319741093
711600033,0,0.0003074651143974988
769935783,0,0.0005592413806720933
717446208,0,4.276276732866256e-05
721121283,0,1.6530998764132375e-05
819151083,0,2.3831608752119187e-06
716470683,0,4.867452419090834e-05
779643858,0,0.0005197419824677764
787665258,1,0.9999191616174589
787475433,0,0.00024117573788283203
717448383,1,0.999838074494281
710812533,1,0.9998594834628672
716461683,0,2.1851431600676664e-05
814571058,0,6.140992899580936e-06
712071708,0,0.012435989496742015
720769533,0,0.00023303502395260133
794581533,0,4.78902583635524e-06
715732533,1,0.9929443751102561
708286683,0,9.560580932906531e-06
708543258,0,5.7002267332561376e-05
713809833,0,1.7832244627004056e-06
793636308,0,4.57636915270238e-05
789095958,1,0.9995393601565777
757722708,0,3.899601096116414e-05
738627708,1,0.9988862872641424
820353558,0,0.0008614115882792126
718739508,0,0.012990330695587523
788943333,1,0.9621839978216836
708397008,0,8.907736166197321e-07
711392508,0,0.00013247138401170226
780653208,0,0.0001699354567676549
710251608,0,0.0007409636540800053
719354433,0,1.3661054889102658e-05
710676483,0,0.0005268959392937952
826414083,0,3.735758712333601e-05
720673008,0,0.0003859610831216887
716736858,0,1.9152904772916197e-06
715660308,1,0.999809095212909
785387883,0,0.00033378299363242105
721028283,0,1.4359125913490852e-05
717797658,0,0.0001561426249633918
712390683,1,0.10242267704058836
717965808,0,0.0002810756885625358
721514883,0,8.622545704985981e-05
718477983,0,7.067191436330152e-05
719671383,0,0.0001726698112311096
711191808,0,0.00047550527181355114
708637758,0,0.0006584558781060264
794675058,1,0.9998787231486201
720508233,1,0.6370550075952653
713094483,0,0.0002394804456368571
780064983,0,0.00017487222589931208
710155158,1,0.999773125834251
710904708,0,1.3045505742011281e-05
801715383,1,0.9999632688150567
806889633,0,0.00023188025995837938
794831733,0,6.635778699154051e-05
712019883,0,8.59277509999594e-05
770956158,0,3.349567901818351e-05
778386033,0,0.028484566449952283
708147108,0,2.3551753616020124e-06
710310108,0,0.00021917818147856137
771982083,0,1.414322760194804e-05
714754533,0,4.811448675491383e-07
717626508,0,1.3849933736943648e-05
718328283,0,9.055405149439283e-05
716739258,0,0.0009657576450179705
714277758,0,0.0031061927273518678
720210483,0,1.580558359768785e-05
720411183,0,4.459285068459553e-06
711379083,0,7.447386698620574e-07
798558783,0,4.107521687830744e-07
713363583,0,2.3450409982127745e-06
720339558,0,0.00010431362930428589
715008858,0,1.1007603591036219e-05
779037408,0,0.0016838865706716103
721513833,0,7.329210627803881e-06
714311583,0,0.00016028988356342266
797414733,0,0.017353747167366984
716864733,0,0.0014174410248481077
712924383,1,0.9995404005317765
719854008,0,0.00652980891038023
771630783,0,3.286518893117783e-05
771471708,0,2.3207898831892728e-05
769463433,0,0.0003366485436321804
711377808,0,2.951637880119309e-05
713133258,0,0.00011354607897874667
718162908,0,0.01770861541904217
713257083,0,1.9268624985284607e-06
772687983,0,1.5892109012510515e-06
711535158,1,0.9990964208168998
799700208,0,4.481333392479945e-06
717177783,0,0.00031635046687810374
711402333,0,0.0001250565701864143
714304458,0,0.0006118578981098485
713347608,1,0.9993795523256911
718303683,1,0.9998892739042156
714317058,0,0.00020615610788000564
718152333,1,0.99998086436513
716385033,0,8.829417919719168e-05
720674133,0,0.008242526533316948
719153433,0,5.072939688788179e-07
712765158,0,0.0038579832568181255
713229633,1,0.9996908848375794
712256358,0,0.0007148514588351117
717656433,0,1.4221592397064154e-05
771081558,0,1.8574123789144705e-06
710702733,0,0.0002702683768409162
779612808,0,0.0007342556698034482
713904708,0,1.384569900062737e-06
716546283,0,0.0005132778568793529
711670308,0,0.00011883442988675195
710856558,0,9.400309719532644e-06
713639958,0,0.0004126084001288147
716987358,1,0.9997794231696876
720008133,0,1.7454127745767065e-05
710084883,0,2.535728348360147e-05
816476658,1,0.9911627830352798
778486008,0,0.00022315024292462825
769053033,1,0.999892745035429
716171358,0,3.981646198107714e-05
772684833,0,1.7586462757342195e-05
709485033,0,2.556340642032458e-05
713352183,0,0.0001327933465132632
712557708,0,1.79687514662464e-05
821149008,1,0.9995117399320298
711816108,1,0.9999906588385242
712532058,0,0.00048226199138544764
718811058,0,5.36754272070431e-06
713696808,1,0.9999578638077233
753233733,0,4.233570062039781e-05
717030633,0,0.00010038309972655825
718320933,0,7.138778512112657e-07
714608583,1,0.9997395367736301
715942683,0,4.6234935295978915e-05
771356508,0,0.00045328122747528675
711326583,0,0.0049040238711338495
714621183,0,1.1316596440106087e-05
712805658,0,3.628269047831766e-05
808981608,0,1.0210770573360848e-06
718337733,0,9.270809156121324e-06
715921758,0,2.2719223945424146e-05
779803008,0,5.096628282369837e-06
717195933,1,0.9999996736368341
712562433,1,0.9999019255892595
769578108,0,3.122700128319381e-05
715442958,0,8.73276676496445e-05
708402333,0,2.215568929332308e-05
719334408,0,0.0008693829973692633
788246958,0,1.7274990399795342e-05
780336258,0,4.2678051916747465e-05
772706283,0,4.86333208025267e-06
780684933,0,1.1340110877405801e-06
712927383,1,0.9999979904772501
712820208,0,6.412435385940636e-06
721434483,0,0.00074193594239497
720659283,0,0.00019907357806068533
716004258,0,2.771534411900911e-06
713111883,0,0.0008834773132763788
772248408,0,0.0004832914602268351
787492908,0,9.640396648735062e-07
718227033,0,6.889489923070075e-05
711320508,0,8.927821118154298e-06
718828083,0,4.835498520016687e-06
709823733,1,0.993974932594005
772116408,0,9.723166941786755e-05
717355533,0,2.358866385916303e-06
715932708,0,1.2082157387861794e-05
719679858,0,0.0034565862467814995
772323033,0,2.2346738132156027e-05
714168183,0,0.0005839546553317292
710719683,0,9.00209684439656e-06
719876808,0,0.0003804447858735946
778894233,0,8.64563305286897e-07
712881483,0,0.021639925780064722
789481233,1,0.9998273242746669
714767508,0,0.00015981242099647497
789144633,0,0.00908299417836039
710635083,0,0.0013290529196433264
711557508,0,6.277649807720871e-06
720650208,0,0.0012268660157626397
810856833,0,0.00010132761755390623
712828533,1,0.10289824884382393
714503433,1,0.9999867251588173
817245183,0,8.1433556413868e-07
709106358,0,0.0012456014056299474
720179883,0,8.091596185419146e-05
816756783,0,4.4317392958909034e-05
812501358,0,6.74424708649243e-05
717203958,0,5.067129007287271e-05
719661558,0,0.0005540156293719495
716297658,0,0.005304870670286168
756065433,0,0.003017618821469037
717076458,0,0.000900798137772967
716586408,0,9.079644202944175e-05
719776608,0,0.004600228047635166
710268858,0,1.2069235574589396e-05
719400108,0,2.3488235493655785e-05
715398858,0,0.0016318713070831111
717359208,0,3.3899957357170274e-06
788595183,0,0.0003535673344054818
772082208,0,7.82954327665442e-06
720770883,0,0.0010167074116876904
716263533,0,2.421554491965e-06
719848008,0,6.671899927885651e-05
717073308,0,0.0004222064569460863
716277558,0,0.0003957950710455801
712010358,1,0.9997069993452828
709319658,1,0.9997407420824554
794665608,0,0.0026829614892710627
708997833,0,1.5989901057247583e-05
717135333,0,1.9674507693271566e-05
795784008,1,0.9998467624592787
711728208,0,5.288215760152558e-06
737925558,0,1.1365417105981041e-05
719147208,0,3.524343011323151e-05
715941633,0,0.0016600694394303455
714078558,1,0.9998409602413418
719453283,0,4.131836731465007e-06
794507133,1,0.9997722455520093
710790258,0,0.00027879379007883054
755953308,0,3.829834627246942e-05
712710708,0,0.0009826618904975803
717843783,0,0.00046560951411978485
710297133,0,1.4291045689375944e-05
716222808,0,2.0071519251872106e-05
714069858,0,0.0015533389771585527
787659483,0,0.00019860736120200895
757167633,0,9.603439154518437e-06
717207408,0,0.00011410577586261927
778224858,0,2.0469500840377046e-06
709103358,0,5.245028971453786e-06
816829608,0,0.0006588507804233364
719838558,0,3.1515828856518936e-06
718161708,0,0.024971558109955373
717382608,0,1.1267033132393824e-05
711762408,0,1.7077550871143958e-06
811571733,0,0.00027927886308207764
779403558,0,3.275103309361943e-05
718399233,0,0.0008665486474575902
711343233,0,0.0007999743160172042
779536233,0,5.24903792210257e-05
718893333,0,5.045313172969214e-05
716697708,1,0.9998682168186045
708788583,1,0.9998485110103424
713808633,0,3.674331418125273e-05
721210158,0,8.104647330371763e-05
789666333,0,2.905872990221708e-05
710872233,1,0.4488479437685114
780497958,0,8.972293341507832e-05
798047583,0,0.0019443206756164556
817089408,0,1.8366504025825068e-05
787472283,0,1.0197983010524983e-06
801786483,0,0.0003265422003087256
709040508,0,5.740530894456167e-06
709257708,0,1.4333452126081113e-05
753118533,0,1.930064675305467e-05
812222208,0,0.02066298610277407
714187533,0,0.010375355005236326
789180933,0,7.483213191516045e-05
718140783,0,0.000232541181580708
713924283,1,0.9830343682798807
713236458,0,0.00021295102524242462
816315558,0,0.0009571014776759764
770135358,0,2.1098722109595576e-06
714284358,0,9.020723302803176e-07
712965183,0,1.928079914662542e-05
713668158,1,0.9894144073593564
784819758,0,6.152282359654421e-06
712025958,0,1.228837359170792e-05
713653983,0,2.6187929184274723e-06
712619808,0,1.2124222359877355e-05
710086308,0,8.941527714900173e-07
711781233,0,9.234688829842456e-05
708254733,0,0.0015654857033055298
788930358,0,7.452084999332991e-05
714361083,1,0.9996989164965221
713253858,1,0.9999013850543373
771020133,0,0.0027367685335916076
719593608,1,0.9995877260897107
714407058,0,0.00012072002240262382
721282908,0,0.000902245436426835
771507258,0,1.1799169734673311e-05
716285358,0,2.9691513697563546e-05
711985833,1,0.15775509013901162
717182883,0,2.1709938579870134e-05
714618333,0,1.470743571970618e-05
709443633,0,2.0351896178734607e-05
778180158,0,1.5990532239815895e-05
713755458,1,0.9999814840818795
767269908,0,2.5383920964300214e-05
778231983,0,8.115830780258543e-07
769911858,0,0.00011521833740111632
711866358,0,1.7292608129269855e-05
774437583,0,3.516046350805168e-05
711232608,1,0.9999144993826292
721315233,0,7.253442417580097e-06
713401758,0,3.4135414839873798e-06
769438608,1,0.9999224374964742
713172408,0,5.0610630869812335e-05
778425408,0,5.0301297256341176e-05
718611333,0,2.3030004648565983e-06
771400608,0,0.00015923694141071386
719990358,0,8.584052598919197e-05
714250908,1,0.9999709497160446
715992558,0,5.065151822816126e-06
713181558,0,0.0002152194790120179
793597833,0,6.296073414111766e-06
816013383,1,0.9999521886391007
715518783,0,1.087384960850092e-05
779353083,0,0.005985710557975825
719881533,1,0.9997177084017221
792864858,0,0.00045842122717360857
808681158,0,0.003196028037486999
717390408,1,0.999609644033401
720551733,1,0.9999776567857698
772273983,1,0.9999927732418028
720648483,0,0.0005520626772106538
721486908,0,2.803857836055304e-05
716657058,0,3.768620175459295e-05
713630733,0,0.015831950410780872
718586133,0,6.272003789911535e-05
717482658,0,4.6244341184697085e-05
718503108,0,0.00011509771404387997
714148758,1,0.2148479465854779
708902883,0,0.0004484438195842084
771499233,0,9.666494083190792e-06
714113658,0,4.1175368181084834e-05
713231658,0,4.7449673418152594e-05
708319908,1,0.9999475492844274
715629783,0,0.00011518419580755881
820587258,0,0.0007944087936016784
771852483,0,0.0004018634737527879
712578933,1,0.9973368769577261
711263058,0,7.867024698744319e-06
779405133,0,2.9350796907201332e-05
716094333,0,4.675717654796917e-06
778837083,1,0.9969122167273615
712434708,1,0.9999911557370802
771431133,0,0.00029768012078214306
709716258,0,5.15953931440866e-05
710464683,0,1.2593929924586607e-05
787543008,0,2.1586187703892468e-05
709363383,0,0.0002271836546277155
817988433,0,1.3863999974482796e-06
717189183,0,6.338623344077536e-05
710854008,0,0.0019623507603561403
714531108,0,0.0001402734133232261
778420383,0,5.4631691195614124e-05
809068983,0,0.00027778057935230716
713131158,1,0.9996385147820642
709649958,1,0.9995689106833829
754886958,0,8.34002933425406e-05
713476758,0,2.0929353465683344e-05
709473708,0,0.00019000997012481337
708190158,1,0.9960658090388104
719813058,0,0.00019466624382354913
708158133,1,0.9995660791054336
815826708,0,1.8767444395580707e-05
712682583,0,0.00010730412913406717
714917583,0,4.193450241245091e-06
711577458,0,5.578835861452119e-05
717623583,0,8.943323460900453e-05
708899283,0,0.0032869750141505416
720249183,0,8.244549710923515e-05
718653333,1,0.9999984368197189
721424583,0,8.06762055006655e-06
708451233,0,0.0015835689074665583
788122533,0,0.0054189526392198544
708298233,1,0.9979100695342454
711935283,1,0.9999104239801118
769892058,0,5.73016675807899e-05
717954333,0,8.359622942841187e-06
820108008,0,1.6848297750180687e-05
712840608,0,8.638404637253396e-05
817240833,0,7.502915407668315e-05
771051783,0,0.0011837496257724586
779895108,0,4.699276569732275e-05
714811533,0,0.0004969010885535708
714945708,1,0.9908660067499737
712925808,1,0.9998606201681179
712302783,0,9.875497634826458e-05
710725383,0,0.00011579920348556337
708710283,0,8.263105698724613e-06
708382083,0,0.0011553180869031026
767404083,1,0.9999688988168022
773297508,0,0.00020780939869818632
717478983,0,0.0005216034406604616
709679658,0,4.493826287019967e-06
721427358,1,0.9999123938600742
718178583,0,2.3790875465693765e-05
718489608,0,0.0001699326549181996
721349883,0,0.00477416099391821
787505133,1,0.9991990346279283
711521958,0,9.649760213777434e-06
708271833,0,0.0005730873635347043
711242058,1,0.9990407343031003
718524783,1,0.9998218915895107
715050408,0,0.0005496940449803326
757527033,0,0.002220574938147559
717580458,1,0.9984330434890331
714938733,1,0.9999731760254789
719170683,0,3.510782410759879e-05
715347783,0,0.0009028595610568781
790108908,0,1.7465150335828353e-05
789218433,0,0.0005905510908260992
789469083,0,0.00014465501456123846
715797783,0,0.00010378155329205818
713761608,0,0.0002616141282964029
771669183,0,6.417180960301298e-06
779521533,0,3.3504250387173307e-06
715554708,0,7.500109077986885e-05
767687208,0,2.27064538881942e-06
708655983,0,0.002839782010047617
720729108,0,2.523263990972576e-05
708722583,0,1.8062375179483493e-05
715371108,1,0.9997494638534443
797238108,0,1.6695984800734672e-05
718640508,0,0.0009375951124669673
709487058,0,3.2122010212121806e-05
712948383,0,0.0002978951403133748
708469533,0,7.118060853120532e-05
709104333,0,0.0066201489870064386
755420433,0,7.458512486266794e-05
718996758,0,0.00045325717604062434
719445633,0,1.0919334125682393e-05
709231683,0,0.00035986660727123197
708846183,0,8.599105699289704e-06
826723308,0,5.983938487817812e-07
710825658,0,1.1818265357018054e-05
796931508,1,0.999980713740089
808753758,0,4.01903719194189e-06
789494133,0,0.002850623802143568
816312633,0,0.0016058371037800374
720029508,0,9.340387206095685e-05
714971583,0,5.992279056788628e-06
789325008,0,8.090662994758216e-05
713287608,0,0.002926920196563178
754872333,0,0.00018377745429852497
713573508,1,0.9999783691216584
718875483,0,1.432340201887662e-06
780237033,0,0.0002662520054632398
710363433,0,0.0001805538196898585
795232683,0,2.4028833496675013e-06
719577258,1,0.9999241754881977
717400533,0,0.0034330948088701755
713047608,1,0.9992736833431918
716645883,0,1.7244127655048986e-05
709707033,1,0.9998045290999242
711112683,0,0.000383528613406144
799723908,0,7.310353661473215e-06
712290258,0,6.276029632582117e-05
710462433,0,3.4211778003283365e-06
812446158,0,0.00030387140676226405
788741733,0,3.3141153198169145e-06
780201633,1,0.9999234604669427
713656308,0,0.004702335427959955
710749458,0,1.2359771165177578e-05
817142433,0,0.0008987233369476312
789491058,0,0.003535831497979759
812488608,0,2.0699135445045014e-05
710563458,0,2.0796031929881157e-06
716013858,0,0.0002387548788451235
717890583,0,5.2567545406898356e-05
789540108,0,1.7781840117428757e-05
708753633,0,0.0001439854724794672
772776033,0,0.0014272932932993163
751283658,0,8.349723710382108e-05
711237633,1,0.9999746081015273
817197333,0,0.05555648440849033
718737708,0,0.0002846588294412573
710507733,0,3.4002063825944066e-05
712979133,1,0.9217743660750026
717975333,0,6.901722245630215e-05
787563858,0,1.1607688837938715e-05
779442783,0,1.5032247193908126e-06
720608658,0,7.938497554830133e-06
714524583,1,0.99989106428932
713580633,0,0.001894954729460361
712214283,0,4.716580040021818e-06
720190083,1,0.9999968283589629
718394658,0,0.00012010880068659515
708615183,0,0.00010089223232381909
827476983,1,0.9493753165281246
803335008,0,1.6641739604134205e-05
711658758,0,2.8886293528281628e-05
721232058,0,0.0024447285013015282
809599158,1,0.9999732165614289
717127083,0,6.137430032290923e-05
709243533,0,5.200396441383559e-07
711267633,1,0.9999704901028755
809849358,1,0.9995752298218398
720708183,0,1.4880521842596434e-05
805259733,0,0.0008389325365231726
712660308,1,0.999937245065416
714296358,0,0.00020324992904436324
823578483,0,3.289708658764658e-05
709749483,0,4.524976670772655e-05
715215108,0,6.770909449631564e-05
718415133,0,0.0015791728727145022
710500983,1,0.997175191516604
714970458,0,1.747720399885506e-05
708931908,0,4.433128382046028e-06
749571633,0,1.7680961639975864e-05
801508383,0,1.250807961809411e-05
717185658,1,0.999887838729853
812618883,0,0.00024027344837009135
819002508,0,3.8951381529501724e-05
710218233,0,0.000346851589845543
719344608,0,0.0022493888849470355
718464258,0,0.0002812933254151386
710512833,0,0.00032670964173746195
718032483,0,5.838616464783427e-06
710159658,0,0.00016164922039562052
715765758,0,0.00010840083998977384
811700058,1,0.9789644595800477
806824908,0,5.398069216914969e-06
712428333,0,4.60893551823744e-06
710971908,0,8.767076706337279e-06
718011783,0,1.7823540099739863e-05
721399833,0,1.0222268941577204e-05
710975883,0,4.8374127536891524e-05
712420833,0,0.0001579896403704973
803115258,1,0.9998768996035008
721005108,0,5.140252930033647e-06
788610258,0,6.8128318289491115e-06
716159958,0,3.9372170782321683e-05
789231858,0,0.00033264591521429363
719123958,1,0.999997991812241
719337408,0,0.0550165111054443
779486433,0,2.98208764233813e-05
817337958,0,0.003997924798017348
712774908,0,0.0018460614913157552
813234108,0,0.0003082853792314237
792524358,0,5.922649549966205e-05
719282433,0,0.00012045770362209589
720299283,0,8.379848238437158e-07
709479558,0,0.0009228984518959806
716102583,0,0.0005814081240347752
713733633,1,0.9614017607066991
795155433,0,5.659845722855927e-07
711783483,0,9.943651617616293e-06
721532583,1,0.9160847780858177
714753258,0,4.440076971435961e-05
721055058,0,0.0001812492296570832
720510333,0,6.476042215780549e-06
718146258,0,0.0024124047529071224
715664808,1,0.9999542896483135
719964933,0,3.794643080064183e-06
709173108,1,0.999989958296524
719722308,0,0.0007703762192756782
719666283,0,4.723243017095019e-05
780006783,1,0.9999810212445249
715601808,0,0.00023471248199466506
769720683,0,2.049543956132582e-05
765692658,0,6.0924200810626165e-05
717819633,0,3.82879021127072e-07
718699683,0,2.7216512636793765e-05
797169633,0,0.00012705298756407056
710636208,0,6.662089460734003e-05
709309308,1,0.9996177742187631
819690933,0,5.070712202422811e-05
711615933,0,0.00014157281850073734
714933783,0,6.808028357832007e-05
778643733,1,0.9990967406753996
712867983,0,0.010864239652176732
718939083,1,0.9998842293481939
713512308,1,0.9862320590851533
790123983,0,1.0410755502842321e-05
711153783,0,1.070781285012083e-05
744483633,0,0.0007300459549821707
719971458,0,9.774127243933796e-07
716506083,1,0.9999073626761886
716329383,1,0.9980494167139949
719719158,0,0.00014576433889767763
716107158,1,0.982772150976887
714477408,1,0.9903142183537591
773146383,0,0.0027921535347251556
708635058,0,2.3128134079269236e-06
803421108,0,0.0005047442105822781
716210283,0,7.813167337789473e-06
711315783,0,0.0006486510881979455
712489158,0,0.0007124294713198549
718576908,0,6.038854081811005e-05
753208833,0,0.0020884187102061316
798546408,0,3.1052009652729727e-05
827114058,0,3.472384990692076e-05
771453033,0,0.0015754112815791644
718452633,1,0.9999927985513497
718026858,0,5.0284656885449025e-06
721181883,0,0.00033113521971099054
717609633,0,8.120202920211248e-05
710927733,0,0.00017552620447087132
711551958,1,0.9999529375961768
716365233,0,0.0002662642414930547
783121008,0,1.4146445815072396e-06
716780283,0,0.00035112070466746957
718471758,0,4.6207616188505405e-05
756571983,0,0.00285898907487052
714700158,0,2.0383305528728068e-05
794191008,0,4.790777244315388e-05
711000933,0,1.5868000445685054e-06
789025083,0,8.151121350745377e-06
717074283,1,0.9997703554181838
714243408,0,0.0005682357730302798
716462658,0,0.00044565844625579196
719944458,0,2.4579329319888702e-06
718866633,0,7.749269308792218e-06
714247458,0,1.445010633002111e-05
783910008,0,1.5626612378163704e-05
714294183,1,0.9999888115292043
789530208,0,0.00184981476183111
714389058,0,2.2247870438409402e-05
772661808,0,2.450481799568597e-06
710135058,0,0.00013079747743533838
716805408,0,3.3090998716929647e-07
789304983,0,0.0012650017230213687
743912958,0,2.116661084482894e-05
715311183,0,1.0415191969623688e-06
720264783,0,1.2002085663243342e-05
788771733,0,2.6586040446392387e-07
711724083,1,0.9904962958219028
717628608,0,0.0009579634906610841
712319058,0,0.0003971334181056907
772231233,0,0.003059751393336155
715315008,0,0.004648908957279474
778853358,0,0.0006821675016440742
714581358,1,0.9999945236380661
710810883,0,7.832689393582499e-06
709879458,0,6.073333821324096e-05
811970808,0,0.00011985995023020078
720015183,0,1.2729310053722e-05
708907833,0,4.621507371529908e-06
826261008,1,0.999948692157174
794682483,0,0.00011358460090700389
708098133,0,4.1920166981002666e-05
711069483,0,0.002730203303431995
709537683,1,0.998313463772895
710770383,0,0.0018480819929327992
809811858,1,0.9999361870369984
772216833,0,2.337398147076423e-05
717830583,0,4.0737020339436517e-07
713779908,0,0.00010046881571655949
712507758,0,7.633852109251863e-06
716093133,0,0.0002838690675462542
817382958,0,5.909584774163325e-05
714400308,0,4.0409831094457125e-06
789466008,0,3.831414638012912e-05
710289783,1,0.9938267238307928
712659408,0,3.963035670076269e-07
788791383,0,0.0007848488679986152
709822008,0,4.416977116718635e-05
816615633,0,0.012274336531200275
718521258,0,0.0022573520357394264
713533983,0,0.00033525623798873053
709444983,1,0.9990902043757611
717405408,0,5.1205213605242015e-06
753226158,0,2.010723863176113e-05
780384483,1,0.995623455998799
720096558,0,0.0008576401454219861
778567983,0,6.003688840338034e-05
711649908,0,1.1264412952326522e-05
718038483,0,3.3748503412242264e-06
719519058,1,0.9997685632245796
770985633,0,0.0010094398937334817
713600958,0,0.00034764543970570706
719801508,0,1.1402771715204069e-06
713686008,0,0.00013310410517412477
720401658,1,0.9992617527947266
715572783,0,8.31469310514606e-05
817908783,0,8.12501574898346e-06
712361583,0,0.0002740529097507828
709108533,0,1.5153731647693208e-05
718490658,0,0.00019213577397204045
790006383,0,0.015451698155790677
710744433,0,0.0003449828198079008
780865308,0,0.0024673934203892746
716643033,1,0.9999971290215053
789241308,1,0.9999698279892152
721344858,0,0.002006553290300113
717050883,0,2.2475622113832465e-05
788979258,0,2.9893115256947175e-05
719125158,0,0.009189216631879011
709545333,0,3.736080365898305e-05
721165608,0,5.594015346449368e-05
714652383,0,1.699753102277332e-06
737921733,1,0.2825976769128045
804428958,0,4.625822844948666e-06
720075558,0,0.000879725332421592
769676358,0,2.1429840908827203e-06
716378658,0,0.004653632469010994
714479358,1,0.9974396334991882
712141683,0,0.0011572580572344815
710005683,0,2.844230518431384e-05
721228308,1,0.9999967153626761
758833758,1,0.10339642636974837
787565433,0,0.000526779036895588
780253533,0,0.000697293039995306
714595983,1,0.9999991532916529
709547658,1,0.9998791820077169
711801933,1,0.9998966712564927
715808808,0,0.00010803486788574628
711294258,0,3.338268239026514e-05
708542283,0,6.862325781805752e-05
787514433,0,4.790173236418802e-05
779773533,0,0.0007017404374471753
807964908,0,2.346307976536167e-06
757753083,0,0.003910151955585618
779331558,0,0.0002674561802098364
799026633,0,0.005580112120814979
719898108,0,6.504275243678462e-05
711252258,0,6.472369682386067e-05
719724933,0,2.5000163185300926e-06
715413483,0,2.5600389294754472e-05
751518633,1,0.9982839096045029
742552683,0,4.089533713488506e-06
756598833,0,0.0009203704640719088
794562783,0,0.00015226168947626373
779942808,0,8.525029177888323e-05
789151983,0,1.5061086467438861e-05
779598183,0,8.805147700365344e-05
720714933,0,8.773830419859353e-07
708536283,1,0.9998288436098087
714548733,0,0.00011907547586594511
713796033,1,0.9940178692285767
770817783,0,0.0001068540513304677
716032233,0,1.0151354231093756e-05
719806233,0,8.838108920280316e-05
712835433,0,0.0002565589963351905
713975433,0,7.363093661281774e-05
715076358,1,0.9987316622026202
720731808,1,0.9963587249069487
714616308,0,4.731104380188729e-06
717502083,1,0.9986687394750069
789362058,0,0.0002429699996707726
794530608,0,0.0008659596004416104
709007883,0,2.379838794832155e-05
709219533,0,0.0002478915395448489
787723758,0,3.6320925083521313e-06
710968008,0,3.7278396438324345e-05
780638958,0,2.1233731347908755e-06
716951658,0,0.002253696710617556
715956258,0,0.001190985416243909
785119833,0,0.0031795770271597695
710723958,0,0.000319013924832443
714011358,0,0.00040253349217801644
717724233,0,0.0002452972113112382
754671558,0,0.0025384829201646297
794514108,0,6.217712427603189e-05
719385558,0,0.004573298659807486
712637283,0,0.0006549361610121778
714222183,0,1.0726489316990515e-05
709175208,0,6.14970044325757e-06
717112533,1,0.07287461591988344
714426783,0,2.0762124261816154e-05
721448283,1,0.9998340489785512
782548758,0,6.237468051706097e-05
717561108,0,1.3156884192756342e-05
720585183,0,0.000434471204208776
714643983,0,2.8039496492407314e-06
712291308,0,3.7561350504957064e-05
713036208,0,2.2253909703021085e-05
709979583,0,0.0010032276592826263
717517758,0,1.8739830965046106e-05
717271983,0,6.868242978431692e-06
718528008,0,6.778502532773571e-06
719118708,1,0.9999023932709276
708657033,0,3.6450868995010734e-06
717489033,1,0.9881974880948778
818926833,0,0.005639449950144183
708338958,0,1.9886567831636978e-05
827683383,0,2.37468367979733e-05
717099408,0,6.921839539237437e-05
716878533,0,0.00022851959077545804
797410983,0,0.0014924191453387092
789625383,0,0.0018322258882556674
709701558,0,1.296477677957079e-05
708334158,0,5.102183141584634e-05
710638233,1,0.9987382082744076
794496033,0,1.3393154221693735e-05
709738008,0,2.624052596256567e-06
808756458,0,6.570555506500184e-06
710982858,0,1.0685747706555798e-05
718451133,0,0.000268913948692513
717991533,0,9.424357143706435e-07
713104458,1,0.999927580874465
715783758,0,7.493064141524156e-07
716891583,0,5.455457868787623e-05
714557583,0,0.002370148399710023
714840858,0,2.4610941994195476e-05
788911458,0,7.321478172622182e-06
712521783,0,0.00038788509010336333
716756133,0,3.800295765803669e-05
793550958,0,0.00019987709639351028
768687183,0,2.3488590157150673e-05
778170633,0,1.0161341873245467e-06
789307833,0,0.00029857100144707176
718291233,0,6.546925726533681e-06
718984533,0,1.942635189824202e-06
794293908,0,0.000456361219560562
708829758,0,0.0010854637850082952
717016833,0,9.078505978172882e-05
711339258,0,5.658908319533086e-05
708754833,0,5.5700683918338905e-05
716773533,0,0.0005260768231038065
788896983,0,8.873352796350263e-05
715694433,0,1.3133181957822322e-05
708403308,0,0.0009527416862359833
715511658,0,1.0989546966552725e-06
717327783,0,6.588797204224716e-05
717384183,0,0.0002290863104744647
818929158,0,0.0005619700617608747
789539058,0,0.001018239750117481
718357458,0,0.009946405288012309
709530408,0,0.00010794485475394298
826245858,1,0.9973373789350544
716800908,0,0.00023561447194261044
714425283,0,3.095981789092255e-05
718345233,1,0.09129160737710885
713128833,0,0.021509912779523615
769577358,0,2.3242472207144025e-05
758824608,0,2.193563797838568e-05
716742483,0,0.001415671625919384
710905908,0,5.121272051969505e-05
712902483,0,2.087663270490519e-06
772105608,0,8.507075139240324e-05
809951133,1,0.963310489511887
710015733,1,0.999888825535803
716893683,1,0.999921407142165
788808633,0,7.256220403889095e-05
714100008,1,0.9995157498740053
717211608,0,0.00023961975437919813
711008508,0,2.469448579279849e-05
712899333,0,0.002003267415118999
714091983,0,1.4859486992351555e-05
802878408,0,0.0007583138743904321
715958583,0,2.739481309202929e-05
716142858,0,0.00018945036050440733
720449208,0,3.5939360709691783e-06
739021908,0,0.0002708503857839036
817035108,0,1.2533797785951467e-05
718957083,0,1.1717887158861675e-06
712084383,0,3.414259070232957e-06
771952683,0,6.102976331911419e-05
719782458,0,3.016605602958656e-06
721164483,0,0.00013216489503074544
806989008,0,1.9318772773492255e-06
709624533,0,0.0013257773876194216
710570058,1,0.9996111004867991
713114133,1,0.9998633419400575
771224358,0,0.0001537819054508615
809440008,1,0.9999871283948658
785515533,0,0.0002031874583992671
713709258,0,5.03481469997501e-05
708104658,0,0.004111508829095881
817958733,0,4.792994155203172e-05
721183983,0,7.789744678834444e-05
810220833,0,1.107126121630083e-05
713373708,1,0.9999731718615533
715710708,0,7.787985070292791e-07
717443658,0,4.1703206959241415e-05
717915783,1,0.9993458739036961
779217333,0,6.827080880071138e-06
710794983,0,9.838628479202508e-06
795855258,0,0.0006926024236151911
788719533,1,0.14811139727407083
720782658,0,2.269075917921892e-06
720034983,0,0.00568596353818248
713536158,0,5.728882986597828e-06
755262933,0,0.00028822406171026977
719136183,0,1.593412530433812e-05
715898058,0,3.907466853305421e-05
716315508,1,0.9989910792994133
788667408,0,0.0012517348579589693
768949983,0,0.0026812221378151053
778882758,0,2.4347842296785893e-05
709465758,0,7.185048664141957e-05
719781183,0,0.00017837831352114013
720101658,0,0.006505551822024023
713782608,0,1.1834660666268106e-05
802101858,0,0.0012591524525108178
708757233,0,4.741267465464024e-06
709711758,1,0.9998967154233392
772000533,0,0.0004297185038026223
720827133,1,0.9999936415096066
789903708,0,1.7933652079020994e-05
719855958,0,1.2582806219269829e-05
713254983,0,0.0008544973678637736
709120008,0,0.03898892401887301
720927183,0,0.00012885824214969304
716875083,0,0.00037305914514012504
716988633,0,3.6311381184938234e-05
711553308,0,1.4271959668777338e-05
788802483,0,3.5701885728968742e-06
708908883,0,0.00020931853098998
712644483,0,2.3060817531167982e-05
716311683,0,0.00018655562566683857
779707308,0,0.001877213840546041
720595083,0,0.0001421084197602124
715034358,0,0.00037776475622603453
720897783,0,7.843969132088075e-06
826513233,0,0.0010769501923450439
826065258,0,0.00015289960089939398
772426383,0,5.492741331840384e-06
717972408,0,7.780695062987134e-05
708888633,1,0.999989975414204
714916758,0,0.0002019196721610394
710888883,0,0.00010472833596822274
717296808,0,0.00020213858706340495
713847858,1,0.999711152590522
768728508,0,1.3028070748679428e-05
762020133,1,0.9999885262471335
710706558,1,0.11941016456466867
709278258,1,0.994247951865948
710679933,1,0.9942095172494075
713152383,0,0.00010382899523280148
771429408,0,9.844775110487185e-05
770721858,0,0.00016900951887423418
778686408,0,0.00011044258023983677
771682533,0,0.0001446575526578944
712378983,1,0.9848642256724964
714615258,1,0.9994973530371575
713027058,1,0.9999888293700527
789485433,0,1.952094870721316e-06
716368008,1,0.9835403374068
771935283,0,3.6851441933367224e-05
779315508,1,0.9960308458264142
794843883,0,0.0001858458836088112
822084333,1,0.9992322899901505
714893733,0,0.0012389845550137342
719474583,0,0.0030587109424082023
717141858,0,3.4091288435672295e-05
712714008,0,5.410046662871118e-06
719570733,0,0.0001309687847269724
720980958,0,0.0002714020123476023
720964683,0,0.0008328650814415698
718263108,1,0.9749955663450061
789101883,0,0.0007126248603705329
809292483,0,0.002784118509536461
778973658,0,9.297590029210856e-05
708560733,0,0.00010298340162682026
721171008,0,0.00033235757118209915
781297983,0,0.00012079232279371091
778228458,0,0.00668819921189968
797668983,0,7.660355672977468e-05
713492583,1,0.9999124208738432
715799808,1,0.99993950454224
711647808,0,0.00010560369681223846
720840108,0,0.0004851165564521116
711349083,1,0.09180364457621197
721247883,0,1.711481683711032e-06
720497958,0,0.0020932881166669153
719466558,0,0.0008572211156087002
753220383,1,0.9999760970243773
757481283,0,0.0022287818914898793
778506633,1,0.9999816455766698
819634233,1,0.9999679783199944
753795633,1,0.9991390055229662
715435758,0,5.400309800203418e-07
772063308,0,2.686875678645132e-06
718205283,0,6.155190985736513e-06
720863133,0,1.7674380387383075e-05
709288383,0,1.7646466774484176e-06
709213458,1,0.9999765311144883
708670608,0,1.7621110015498565e-05
709150608,0,0.006969876370924435
713105508,0,0.0008081850022463444
716303583,0,2.4681802187819653e-05
787669233,0,7.330156388332528e-06
771488583,0,0.00011229500532059312
708269583,0,1.667584488258097e-05
779809908,0,3.234175411381698e-06
720973833,0,0.00031643689656866807
720236433,0,3.6551747841416536e-05
717895833,0,5.817066693876202e-06
718921683,0,4.398514369543041e-05
713828208,0,0.0016811694859922336
779241783,0,0.0001336634634590288
797241108,0,2.093965163115192e-05
716635758,0,9.420927699938262e-05
714536208,0,0.0012286239940082254
709372608,0,3.677862293818607e-06
769574883,0,0.029905596555120397
718286658,0,3.638330351090389e-06
714839808,0,8.994556151401972e-06
718342158,1,0.9978871301007276
778573233,0,4.287111928400763e-06
715680933,0,0.0003716830178643345
708396033,0,1.982027202074083e-06
713356833,0,0.00014004700235008863
814593858,0,0.00017890374034144676
771592458,0,5.463042984125807e-06
827631483,0,2.9320097173563477e-05
811721133,0,0.00011999301235961873
720443358,0,1.5550025671489919e-06
709477233,0,6.774294436032426e-07
711942783,0,0.0006578370504884845
768848658,0,0.00012741853217747187
788772708,0,3.7360776775382685e-05
717109983,0,1.0765207340477606e-05
712128258,0,0.005411911826201939
720621408,1,0.09196592910290687
710295858,0,3.1079882667987878e-06
714647808,0,0.00010922154753038644
712374708,0,3.0835381737645485e-06
715547058,1,0.9999920711468077
720539583,0,0.00015257611942781437
712952283,0,8.70577399641283e-06
710475408,0,1.0826220805491834e-05
715007583,0,1.8529211846099702e-05
713061558,0,0.013489643783294277
772288758,0,5.5494003412102606e-05
713977308,0,2.725021151442825e-07
801064833,0,5.727997480868694e-05
708129933,0,0.00030813225974501323
789167658,0,0.0006593220098087505
720286908,0,1.2450687771432132e-06
716565258,0,0.003739766375797047
708564858,1,0.9993200502312364
778895883,0,3.9416718124304444e-05
709410033,0,0.00013487852631472816
710745633,0,3.529097913663946e-05
709008708,0,3.10477212813568e-05
714738858,0,5.231600304925695e-07
713639058,1,0.9999908122847208
719739108,0,0.0008943626800674416
826079508,0,2.244019975977159e-05
710795883,0,1.7322796704178664e-05
710404533,0,5.5779951441072814e-05
719359458,0,0.015012331838734792
821837958,0,0.0006921351843979602
710691633,0,6.599904430609052e-05
779296908,0,0.012776530711828379
710797833,0,6.442377980384834e-05
804337233,0,7.100964498081885e-06
713823033,1,0.999968647997918
720076458,0,1.4946163486722404e-05
809818008,0,5.844690208855316e-05
717376758,0,2.2813114832137665e-06
795844983,0,1.1722794141282818e-05
789368658,0,0.0005846487806992993
720462633,0,1.7334341016176188e-05
708938508,0,3.6747308169877325e-05
709560258,1,0.9986345689421026
717513933,0,0.00013291944693920695
711113958,0,0.000641212332733868
713995233,0,5.924012272802417e-06
717906783,0,0.0030010140582720037
716516208,0,7.505430958391822e-05
756658083,0,0.00032014652624751393
718692258,0,0.0002497007949542768
719816583,1,0.9970930463413825
787578183,0,1.5220716195162667e-06
788699808,0,0.012967598836802798
809320908,0,0.00012507617519345995
789942033,1,0.9980210136408801
714006333,1,0.9907771999418962
710813733,0,0.0001428626991760925
711679533,0,0.0019514345441693295
709212183,0,0.0003869986744144739
807523008,0,1.4713197078085354e-05
787480158,0,8.344841396615777e-06
711272058,0,3.800891314560823e-05
720033033,0,1.5055873191889664e-06
794124708,0,0.0001460354163037354
790164408,0,0.0001928084295385419
714831033,0,0.00040169889836132465
718731183,1,0.9999401141339612
827888433,0,9.623004707645357e-05
711992133,0,1.0715564912568863e-06
711809283,0,6.574919628209153e-05
714574083,0,0.0019405548532259495
769189083,0,1.1654903117925622e-05
711968358,0,9.78383466649923e-06
711750183,0,0.00013448320692560026
716511483,0,0.00029642239700822725
800869758,0,6.0934318395492305e-06
715235808,0,4.370868072845427e-06
714199983,0,8.51477785635826e-07
718540308,0,3.143076236324163e-06
716460933,0,0.00014335683699675552
780277458,0,3.30792382499316e-06
798011733,0,5.253675056305786e-06
714046608,0,0.0006190514980053656
713396358,0,4.316400576623598e-05
714005508,0,5.0243221022274e-05
717444558,0,1.6892660149712198e-05
713905608,0,4.660716297635546e-05
711126483,0,0.0011705623257074716
714602658,1,0.9999647536755919
716019333,0,6.044775863555763e-07
714869958,0,3.087540252049079e-06
778459833,0,0.0004465318650878756
789309558,0,0.003171845220949252
756736008,0,0.001060467053237633
779883933,0,0.00015062470972434982
709343433,0,0.00013016132806686683
806908608,0,3.305722336439923e-05
720521808,0,0.001173363896674779
709523508,0,0.00010053255629760158
708373083,1,0.9965344143174663
713325108,0,0.001061626687501009
819214233,0,0.0014188068700170245
713188383,0,0.0010705243229675585
770778108,0,4.251098577921865e-06
716610558,0,0.0014878131417359378
715174158,0,0.0004095611085417025
779608083,0,3.523874746358121e-05
780200208,0,0.0004222637016403707
718675158,1,0.9999320372737159
817977933,1,0.9995444028604245
755273658,0,3.900828672690616e-06
715022133,0,0.0004224467437681213
719804208,0,5.907705679063454e-07
780056733,0,0.0002449547719968599
780373233,0,0.0001393364058876035
817188408,0,7.758725028561847e-05
772073508,1,0.9999888168856602
803805483,0,2.2231755204566263e-05
717823383,0,1.1374360292493217e-05
789907533,1,0.9998012890203367
788259558,0,3.880939828206917e-05
815515158,0,1.4632464708260086e-06
713884458,0,0.00013469903684146277
789717708,0,5.544322367381569e-06
708160008,0,6.872876848859942e-06
708702258,1,0.999395885732261
789023508,0,8.17760250892483e-05
719265108,0,0.0007140577765232511
813213558,0,0.0006848874877110832
802460433,1,0.9999969571256427
717995958,0,6.579027599043546e-06
710697408,0,1.3470141244533837e-05
805458933,0,0.00015664896941814844
713850783,0,0.000540586040919617
713876958,0,0.0006912115829965617
718926258,0,4.701085178434613e-05
717585858,0,5.463892415658564e-05
710303208,0,0.0008970619586882105
770647233,0,0.0011938378640355852
715459158,0,4.734684786362807e-06
789185508,0,0.00044261345411500207
779305008,0,9.489711592715076e-05
713343333,0,1.917897242363155e-05
749067633,0,0.0012226428205017268
811713408,0,5.9011498539775984e-06
789990333,0,0.0005973976379239639
788770908,0,0.0009764481156434473
709411383,0,1.6324896795207524e-05
708361833,0,5.2692825838821715e-05
712801758,0,4.9407050502650025e-05
721179708,0,4.6824894140645955e-05
708511983,0,1.3036141690856175e-05
711388458,0,0.0009527885776154499
720486408,0,0.0008774301024157086
709157133,0,8.208220380918691e-05
712240083,1,0.9998895487485322
782802033,1,0.9999047436356913
712091433,0,0.00017851575850681735
720494058,0,6.558957530363759e-05
710277183,0,1.8838527387942496e-06
789804933,0,1.6600337527807946e-05
719022558,0,3.713714064294641e-06
714573258,0,0.0027564950366535945
709919283,0,4.227061007984279e-05
716481408,0,0.001052422323002039
719038008,0,0.0005985603381432575
793456983,0,1.2874440259268545e-05
720597108,1,0.9993240748006584
715233108,0,3.004465173491125e-06
709220583,0,0.007032845838276628
779324358,0,0.03755845762393715
712112733,0,2.180927596691896e-05
714443058,1,0.99995129219964
711109908,0,3.600117313721674e-05
717464958,0,0.0018322388977546269
713701533,0,8.082296307503864e-06
772565883,0,2.788207943513299e-06
758765808,1,0.12769680192416727
716851908,0,0.00047908441483099823
721500108,0,2.6457325981903063e-05
820268358,0,4.162795712359195e-07
717171408,0,0.0009094479566478553
713567958,0,6.922618942479898e-05
716512383,1,0.07236282390610782
713008308,0,0.0005456122671865898
780942633,0,0.0018899610191091937
716249508,0,5.257059068585296e-06
714909108,0,0.0003003908900200252
778708533,1,0.9996785229005617
772725408,0,1.044547915851424e-05
709534083,1,0.9999876955295138
817144458,0,3.7076161694536738e-06
807157833,0,9.055657201875534e-07
716371308,0,0.0008824977868953299
716332533,0,7.591347755875471e-05
716924958,1,0.9997964253696382
720904233,0,0.00027339748898242344
711964533,0,0.00011311132619182
788715483,0,2.2304396550465e-06
788832033,0,0.00011196636210127211
716022258,1,0.9996998083140813
712208658,0,1.677660340730136e-05
710482533,0,2.8690979372544222e-05
717661908,0,9.939459980190467e-06
720254883,0,0.00017686002007064508
719532108,0,0.005087082449963121
779610033,1,0.9998715767768074
819977058,0,1.8444967679864259e-06
772202058,0,0.0002942189765781659
717658758,0,7.557322136219869e-05
720467583,0,3.327287379014148e-07
713314533,1,0.9994774985725122
719318583,1,0.9998751147327318
789122808,1,0.9998039864531129
708525108,0,5.660616858984855e-07
779662308,0,7.075603614095497e-05
717180633,0,0.0003989797300028016
713000058,0,0.004427836521602371
709747308,0,7.668712214797901e-05
712235433,1,0.9999436540517822
712405908,0,6.310484988498905e-06
778885158,0,8.152066923345493e-06
789143283,0,4.631503866157383e-06
721233033,1,0.9997691963747883
718486608,0,4.381170088946717e-06
713249883,0,1.7419842001709523e-05
797743233,0,1.3347912766146694e-06
778346283,0,0.00037972902887176477
721113333,0,9.851207064696489e-05
720707283,0,0.010068585450622582
788997408,0,0.00020691883137912085
710456658,0,7.531516184587326e-06
808796208,0,0.00011116396120169593
713685033,1,0.999916719751589
788912658,0,5.6025694656991725e-05
712157958,1,0.9997354912019449
711148308,0,5.498663289100446e-06
719117433,0,0.0022295026979871277
